firstname,lastname,email,ability,username,password,avatar
Carmine,Rucklidge,crucklidge0@linkedin.com,73,crucklidge0,vnqitQ,https://robohash.org/utdoloremquenihil.png?size=50x50&set=set1
Hillery,Keatch,hkeatch1@furl.net,36,hkeatch1,umXAJ3,https://robohash.org/situndeet.png?size=50x50&set=set1
Stafani,Liverock,sliverock2@cisco.com,30,sliverock2,dPx1OS,https://robohash.org/evenietsuntlaudantium.png?size=50x50&set=set1
Mikkel,Thorrington,mthorrington3@1688.com,11,mthorrington3,ubzMn8Lz,https://robohash.org/sitexercitationemminima.png?size=50x50&set=set1
Blisse,Thresher,bthresher4@geocities.jp,37,bthresher4,Jfy8N8B,https://robohash.org/isteautemeos.png?size=50x50&set=set1
Dita,Moralis,dmoralis5@wired.com,26,dmoralis5,KM08gov4XJb,https://robohash.org/doloribustemporibusfacere.png?size=50x50&set=set1
Neron,Candy,ncandy6@youku.com,25,ncandy6,a6BCP6,https://robohash.org/perspiciatisetquis.png?size=50x50&set=set1
Aloisia,Babalola,ababalola7@amazon.de,100,ababalola7,gH8zyGE,https://robohash.org/praesentiumaccusantiumperferendis.png?size=50x50&set=set1
Giuditta,Anneslie,ganneslie8@uol.com.br,27,ganneslie8,WdhnyvCToIO,https://robohash.org/nonplaceatdicta.png?size=50x50&set=set1
Kalindi,Bremond,kbremond9@howstuffworks.com,50,kbremond9,mGMpW6,https://robohash.org/istesedlaudantium.png?size=50x50&set=set1
Paddie,Hairs,phairsa@youku.com,21,phairsa,UL12aFL,https://robohash.org/inofficiisquas.png?size=50x50&set=set1
Antonina,Mintram,amintramb@smh.com.au,27,amintramb,dJ1ZHZ4,https://robohash.org/nonutperferendis.png?size=50x50&set=set1
Rhoda,Braizier,rbraizierc@google.co.jp,19,rbraizierc,ZtCQMt6F,https://robohash.org/vitaeipsumodio.png?size=50x50&set=set1
Aron,Battersby,abattersbyd@cafepress.com,36,abattersbyd,OJr0aDUx,https://robohash.org/quibusdametest.png?size=50x50&set=set1
Kassie,Bousquet,kbousquete@google.com,55,kbousquete,xev7huC29T7,https://robohash.org/saepesedcupiditate.png?size=50x50&set=set1
Davon,Timperley,dtimperleyf@abc.net.au,6,dtimperleyf,avUDFnz5,https://robohash.org/nametquia.png?size=50x50&set=set1
Cicily,Shipp,cshippg@mozilla.com,75,cshippg,76kOe5M9WEU,https://robohash.org/sitoptioassumenda.png?size=50x50&set=set1
Berthe,Finker,bfinkerh@networkadvertising.org,57,bfinkerh,Qg70faExdwX0,https://robohash.org/adipisciporroreprehenderit.png?size=50x50&set=set1
Byrom,Rennock,brennocki@netvibes.com,15,brennocki,yVTf8kHCToi,https://robohash.org/odioofficiarerum.png?size=50x50&set=set1
Raven,Ghion,rghionj@disqus.com,11,rghionj,jVLNHem,https://robohash.org/suntpraesentiumid.png?size=50x50&set=set1
Armstrong,Peevor,apeevork@miibeian.gov.cn,11,apeevork,UKZTUb0XW,https://robohash.org/autemnobisfugit.png?size=50x50&set=set1
Cherida,Harnetty,charnettyl@naver.com,27,charnettyl,5VPfFSTbi,https://robohash.org/aperiametamet.png?size=50x50&set=set1
Heath,Benoi,hbenoim@ustream.tv,32,hbenoim,eR8cHeIf,https://robohash.org/etipsumvoluptatum.png?size=50x50&set=set1
Nigel,Glaze,nglazen@privacy.gov.au,76,nglazen,zcZNQPRuTG,https://robohash.org/consequaturfacilisnemo.png?size=50x50&set=set1
Berrie,Raith,braitho@cdbaby.com,74,braitho,eJjydpqdc3,https://robohash.org/etquirepellendus.png?size=50x50&set=set1
Deina,Cutteridge,dcutteridgep@phoca.cz,20,dcutteridgep,nIAf2M,https://robohash.org/teneturinventoreofficiis.png?size=50x50&set=set1
Kaye,Blandford,kblandfordq@hp.com,68,kblandfordq,yZi9bN1KtscE,https://robohash.org/illolaudantiumoccaecati.png?size=50x50&set=set1
Olly,Jennins,ojenninsr@cbslocal.com,38,ojenninsr,zvMQfBXuHf,https://robohash.org/animiinventorequi.png?size=50x50&set=set1
Iggy,Gallamore,igallamores@google.com.br,35,igallamores,ejO19V,https://robohash.org/sintinciduntesse.png?size=50x50&set=set1
Annmaria,Farress,afarresst@dell.com,58,afarresst,WMFTvxyELOBQ,https://robohash.org/molestiaequasivel.png?size=50x50&set=set1
Lydie,Blance,lblanceu@nih.gov,33,lblanceu,SPXO9wc,https://robohash.org/voluptatibusbeataedolorum.png?size=50x50&set=set1
Ogdan,Bosnell,obosnellv@auda.org.au,26,obosnellv,g9FWPXfs,https://robohash.org/corporisdictarerum.png?size=50x50&set=set1
Gerik,Grinter,ggrinterw@sbwire.com,84,ggrinterw,wWrgaoRQJ1LI,https://robohash.org/delenitiauttempore.png?size=50x50&set=set1
Willamina,Baldi,wbaldix@vkontakte.ru,78,wbaldix,gl3UTKDJMA2O,https://robohash.org/rerumminimaexercitationem.png?size=50x50&set=set1
Neal,Roscamp,nroscampy@cbc.ca,48,nroscampy,EYhRZxnI8h,https://robohash.org/voluptatibussuscipitpraesentium.png?size=50x50&set=set1
Gwenette,Roots,grootsz@slate.com,48,grootsz,bwlqbfjVlWk,https://robohash.org/ipsamautemqui.png?size=50x50&set=set1
Pauly,Hacquel,phacquel10@rakuten.co.jp,63,phacquel10,HnLdDtiFy9,https://robohash.org/laborumvoluptatumnumquam.png?size=50x50&set=set1
Meryl,Ingall,mingall11@weather.com,22,mingall11,vtI4K6KFdSud,https://robohash.org/perferendissitsunt.png?size=50x50&set=set1
Cristionna,Earry,cearry12@spotify.com,12,cearry12,2a3wddZkR,https://robohash.org/deseruntquameveniet.png?size=50x50&set=set1
Domingo,Dumbreck,ddumbreck13@dailymail.co.uk,92,ddumbreck13,VC4Dbh,https://robohash.org/utvoluptatummagni.png?size=50x50&set=set1
Kathrine,Purslow,kpurslow14@home.pl,58,kpurslow14,7YyydJcr,https://robohash.org/quoveronumquam.png?size=50x50&set=set1
Nalani,Dargan,ndargan15@techcrunch.com,50,ndargan15,dneq8HzGsCV,https://robohash.org/providentmaximeassumenda.png?size=50x50&set=set1
Angie,Onyon,aonyon16@apache.org,66,aonyon16,PhZSXo7o,https://robohash.org/totamatqueillum.png?size=50x50&set=set1
Harley,Karpets,hkarpets17@cdc.gov,96,hkarpets17,eLbpoOJgEeS,https://robohash.org/doloremvoluptatesodit.png?size=50x50&set=set1
Addia,Cookson,acookson18@digg.com,11,acookson18,GwBFgQsjY,https://robohash.org/sapienteestdebitis.png?size=50x50&set=set1
June,Orman,jorman19@nih.gov,100,jorman19,Gs1gzV,https://robohash.org/atetrerum.png?size=50x50&set=set1
Irvin,Stannislawski,istannislawski1a@sun.com,80,istannislawski1a,Uk0bRi2nK2,https://robohash.org/utvoluptatemcommodi.png?size=50x50&set=set1
Agnes,Butchers,abutchers1b@squarespace.com,82,abutchers1b,iOiwlEDSREKS,https://robohash.org/doloremqueexcepturiea.png?size=50x50&set=set1
Kore,Taylerson,ktaylerson1c@wordpress.org,79,ktaylerson1c,8Adi87JE,https://robohash.org/repudiandaeearumplaceat.png?size=50x50&set=set1
Annadiane,Batchelar,abatchelar1d@thetimes.co.uk,56,abatchelar1d,7tfvDlr,https://robohash.org/blanditiismaximeconsequuntur.png?size=50x50&set=set1